{
  "hash": "d0adbee7",
  "configHash": "047b4306",
  "lockfileHash": "20f77750",
  "browserHash": "6cf64f78",
  "optimized": {
    "@angular-slider/ngx-slider": {
      "src": "../../../../../../node_modules/@angular-slider/ngx-slider/fesm2022/angular-slider-ngx-slider.mjs",
      "file": "@angular-slider_ngx-slider.js",
      "fileHash": "4a92189e",
      "needsInterop": false
    },
    "@angular/common": {
      "src": "../../../../../../node_modules/@angular/common/fesm2022/common.mjs",
      "file": "@angular_common.js",
      "fileHash": "2a25f666",
      "needsInterop": false
    },
    "@angular/common/http": {
      "src": "../../../../../../node_modules/@angular/common/fesm2022/http.mjs",
      "file": "@angular_common_http.js",
      "fileHash": "2427b3b0",
      "needsInterop": false
    },
    "@angular/core": {
      "src": "../../../../../../node_modules/@angular/core/fesm2022/core.mjs",
      "file": "@angular_core.js",
      "fileHash": "9dd34587",
      "needsInterop": false
    },
    "@angular/forms": {
      "src": "../../../../../../node_modules/@angular/forms/fesm2022/forms.mjs",
      "file": "@angular_forms.js",
      "fileHash": "7cda8938",
      "needsInterop": false
    },
    "@angular/platform-browser": {
      "src": "../../../../../../node_modules/@angular/platform-browser/fesm2022/platform-browser.mjs",
      "file": "@angular_platform-browser.js",
      "fileHash": "8878a94a",
      "needsInterop": false
    },
    "@angular/platform-server/init": {
      "src": "../../../../../../node_modules/@angular/platform-server/fesm2022/init.mjs",
      "file": "@angular_platform-server_init.js",
      "fileHash": "c10ee9ec",
      "needsInterop": false
    },
    "@angular/router": {
      "src": "../../../../../../node_modules/@angular/router/fesm2022/router.mjs",
      "file": "@angular_router.js",
      "fileHash": "71a3c8ac",
      "needsInterop": false
    },
    "@angular/ssr": {
      "src": "../../../../../../node_modules/@angular/ssr/fesm2022/ssr.mjs",
      "file": "@angular_ssr.js",
      "fileHash": "c515692b",
      "needsInterop": false
    },
    "@angular/ssr/node": {
      "src": "../../../../../../node_modules/@angular/ssr/fesm2022/node.mjs",
      "file": "@angular_ssr_node.js",
      "fileHash": "7020c0cf",
      "needsInterop": false
    },
    "express": {
      "src": "../../../../../../node_modules/express/index.js",
      "file": "express.js",
      "fileHash": "a8463a77",
      "needsInterop": true
    },
    "zone.js": {
      "src": "../../../../../../node_modules/zone.js/fesm2015/zone.js",
      "file": "zone__js.js",
      "fileHash": "2ee32048",
      "needsInterop": true
    }
  },
  "chunks": {
    "chunk-T7ZA3WRX": {
      "file": "chunk-T7ZA3WRX.js"
    },
    "xhr2-E5RTESSH": {
      "file": "xhr2-E5RTESSH.js"
    },
    "chunk-NFBLRUPM": {
      "file": "chunk-NFBLRUPM.js"
    },
    "chunk-PV2ZDSZ6": {
      "file": "chunk-PV2ZDSZ6.js"
    },
    "chunk-WXMOVWUU": {
      "file": "chunk-WXMOVWUU.js"
    },
    "chunk-BTYALREI": {
      "file": "chunk-BTYALREI.js"
    },
    "chunk-FITUF5IC": {
      "file": "chunk-FITUF5IC.js"
    },
    "chunk-YQZF7T32": {
      "file": "chunk-YQZF7T32.js"
    },
    "chunk-6XPXFVTG": {
      "file": "chunk-6XPXFVTG.js"
    },
    "chunk-6DU2HRTW": {
      "file": "chunk-6DU2HRTW.js"
    }
  }
}