{
  "hash": "7a31466f",
  "configHash": "10cea6c6",
  "lockfileHash": "20f77750",
  "browserHash": "fdeac5ab",
  "optimized": {
    "@angular-slider/ngx-slider": {
      "src": "../../../../../../node_modules/@angular-slider/ngx-slider/fesm2022/angular-slider-ngx-slider.mjs",
      "file": "@angular-slider_ngx-slider.js",
      "fileHash": "606cc4b0",
      "needsInterop": false
    },
    "@angular/common": {
      "src": "../../../../../../node_modules/@angular/common/fesm2022/common.mjs",
      "file": "@angular_common.js",
      "fileHash": "3ab3b301",
      "needsInterop": false
    },
    "@angular/common/http": {
      "src": "../../../../../../node_modules/@angular/common/fesm2022/http.mjs",
      "file": "@angular_common_http.js",
      "fileHash": "f4896c3d",
      "needsInterop": false
    },
    "@angular/core": {
      "src": "../../../../../../node_modules/@angular/core/fesm2022/core.mjs",
      "file": "@angular_core.js",
      "fileHash": "51640dac",
      "needsInterop": false
    },
    "@angular/forms": {
      "src": "../../../../../../node_modules/@angular/forms/fesm2022/forms.mjs",
      "file": "@angular_forms.js",
      "fileHash": "1db553a0",
      "needsInterop": false
    },
    "@angular/platform-browser": {
      "src": "../../../../../../node_modules/@angular/platform-browser/fesm2022/platform-browser.mjs",
      "file": "@angular_platform-browser.js",
      "fileHash": "a855f8d9",
      "needsInterop": false
    },
    "@angular/router": {
      "src": "../../../../../../node_modules/@angular/router/fesm2022/router.mjs",
      "file": "@angular_router.js",
      "fileHash": "57166ffc",
      "needsInterop": false
    },
    "zone.js": {
      "src": "../../../../../../node_modules/zone.js/fesm2015/zone.js",
      "file": "zone__js.js",
      "fileHash": "42f1c0ea",
      "needsInterop": true
    }
  },
  "chunks": {
    "chunk-SRHQAJVP": {
      "file": "chunk-SRHQAJVP.js"
    },
    "chunk-74MOTMKD": {
      "file": "chunk-74MOTMKD.js"
    },
    "chunk-PA5YXYLA": {
      "file": "chunk-PA5YXYLA.js"
    },
    "chunk-FL53OANS": {
      "file": "chunk-FL53OANS.js"
    },
    "chunk-RDHXSB74": {
      "file": "chunk-RDHXSB74.js"
    },
    "chunk-RRADHS46": {
      "file": "chunk-RRADHS46.js"
    },
    "chunk-GOMI4DH3": {
      "file": "chunk-GOMI4DH3.js"
    }
  }
}